symbol,pole_date,pole_low,pole_high,pole_high_date,pole_gain,flag_bars,flag_end_date,rail,rail_slope_pct,sweep_date,sweep_low,sweep_below_pct,entry_date,entry,stop,target,risk_pct,reward_R,atr,status,bars_since_entry,vol_x20,sweep_bars,sweep_red,sweep_red_frac,sweep_vol_x20,sweep_vol_vs_drift,sweep_close_pos,sweep_leg_pct,turnover_cr,entry_gt_prior_high,entry_gt_flush_high,entry_vs_rail_pct,rebased,rebased_from,R_voided,outcome,R,ret_horizon,mfe,mae,bars_held,R_struct,outcome_struct,bars_held_struct,entry_idx,sweep_idx,flag_end_idx,pole_idx,trigger_mode,last_close,pnl_pct,voided_setups,shortName,mcap_cr,watchlist,year,nifty_bull
JINDALPOLY.NS,2026-03-05,474.8,1026.45,2026-03-19,1.1619,6,2026-03-30,779.8,-4.305,2026-07-01,606.0,-22.29,2026-07-06,628.0,592.84,1026.45,5.6,11.33,26.31,DONE,,0.65,65,37,0.57,5.31,66.52,0.31,-5.0,4.57,False,True,-19.47,3,"2026-04-02,2026-04-29,2026-06-09",-1.78,open,2.042092940641889,0.06,0.2739,-0.0206,58,,open,58,2596,2529,2529,2513,first_bullish,699.7999877929688,0.11433119075313503,"[Setup(symbol='JINDALPOLY.NS', pole_date='2026-03-05', pole_low=474.8, pole_high=1026.45, pole_high_date='2026-03-19', pole_gain=1.1619, flag_bars=6, flag_end_date='2026-03-30', rail=779.8, rail_slope_pct=-4.305, sweep_date='2026-07-01', sweep_low=606.0, sweep_below_pct=-22.29, entry_date='2026-04-02', entry=772.35, stop=637.18, target=1026.45, risk_pct=17.5, reward_R=1.88, atr=55.55, status='DONE', bars_since_entry=nan, vol_x20=0.17, sweep_bars=65, sweep_red=37, sweep_red_frac=0.57, sweep_vol_x20=5.31, sweep_vol_vs_drift=66.52, sweep_close_pos=0.31, sweep_leg_pct=-5.0, turnover_cr=4.57, entry_gt_prior_high=False, entry_gt_flush_high=False, entry_vs_rail_pct=nan, rebased=0, rebased_from='', R_voided=0.0, outcome='voided', R=-0.6, ret_horizon=-0.1079, mfe=0.1575, mae=-0.1843, bars_held=14, R_struct=nan, outcome_struct='', bars_held_struct=nan, entry_idx=2531, sweep_idx=2529, flag_end_idx=-1, pole_idx=-1), Setup(symbol='JINDALPOLY.NS', pole_date='2026-03-05', pole_low=474.8, pole_high=1026.45, pole_high_date='2026-03-19', pole_gain=1.1619, flag_bars=6, flag_end_date='2026-03-30', rail=779.8, rail_slope_pct=-4.305, sweep_date='2026-07-01', sweep_low=606.0, sweep_below_pct=-22.29, entry_date='2026-04-29', entry=710.05, stop=612.77, target=1026.45, risk_pct=13.7, reward_R=3.25, atr=34.45, status='DONE', bars_since_entry=nan, vol_x20=0.29, sweep_bars=65, sweep_red=37, sweep_red_frac=0.57, sweep_vol_x20=5.31, sweep_vol_vs_drift=66.52, sweep_close_pos=0.31, sweep_leg_pct=-5.0, turnover_cr=4.57, entry_gt_prior_high=False, entry_gt_flush_high=False, entry_vs_rail_pct=nan, rebased=0, rebased_from='', R_voided=0.0, outcome='voided', R=-0.56, ret_horizon=-0.0136, mfe=0.0915, mae=-0.1465, bars_held=24, R_struct=nan, outcome_struct='', bars_held_struct=nan, entry_idx=2548, sweep_idx=2529, flag_end_idx=-1, pole_idx=-1), Setup(symbol='JINDALPOLY.NS', pole_date='2026-03-05', pole_low=474.8, pole_high=1026.45, pole_high_date='2026-03-19', pole_gain=1.1619, flag_bars=6, flag_end_date='2026-03-30', rail=779.8, rail_slope_pct=-4.305, sweep_date='2026-07-01', sweep_low=606.0, sweep_below_pct=-22.29, entry_date='2026-06-09', entry=669.9, stop=592.17, target=1026.45, risk_pct=11.6, reward_R=4.59, atr=27.65, status='DONE', bars_since_entry=nan, vol_x20=3.36, sweep_bars=65, sweep_red=37, sweep_red_frac=0.57, sweep_vol_x20=5.31, sweep_vol_vs_drift=66.52, sweep_close_pos=0.31, sweep_leg_pct=-5.0, turnover_cr=4.57, entry_gt_prior_high=False, entry_gt_flush_high=False, entry_vs_rail_pct=nan, rebased=0, rebased_from='', R_voided=0.0, outcome='voided', R=-0.62, ret_horizon=-0.0001, mfe=0.1569, mae=-0.0954, bars_held=15, R_struct=nan, outcome_struct='', bars_held_struct=nan, entry_idx=2577, sweep_idx=2529, flag_end_idx=-1, pole_idx=-1)]",JINDAL POLY FILMS LIMITED,3064.2,False,2026,False
KPRMILL.NS,2026-06-18,1019.3,1334.0,2026-06-24,0.3087,20,2026-07-22,1089.1,-0.287,2026-07-24,1015.0,-6.8,2026-07-24,1061.5,994.3,1334.0,6.33,4.06,41.4,DONE,43.0,1.05,3,2,0.67,1.05,4.4,0.91,-3.28,28.72,False,False,-2.53,0,,0.0,open,0.778274536132812,,,,43,,open,43,2610,2608,2608,2584,first_bullish,1113.800048828125,0.04926994708254817,,KPR MILL LTD.,38150.2,False,2026,False
SCI.NS,2026-04-16,218.6,322.8,2026-04-17,0.4767,58,2026-07-08,283.6,-0.009,2026-07-24,260.2,-8.25,2026-07-31,291.45,255.72,322.8,12.26,0.88,8.95,DONE,,1.71,13,6,0.46,1.05,2.01,0.88,-4.46,52.3,True,True,2.77,1,2026-07-16,-0.63,open,-0.4156169576402006,-0.0372,0.098,-0.0983,39,,open,39,2615,2598,2598,2539,rail_reclaim,276.6000061035156,-0.05095211493046614,"[Setup(symbol='SCI.NS', pole_date='2026-04-16', pole_low=218.6, pole_high=322.8, pole_high_date='2026-04-17', pole_gain=0.4767, flag_bars=58, flag_end_date='2026-07-08', rail=283.6, rail_slope_pct=-0.009, sweep_date='2026-07-24', sweep_low=260.2, sweep_below_pct=-8.25, entry_date='2026-07-16', entry=290.5, stop=255.78, target=322.8, risk_pct=11.95, reward_R=0.93, atr=8.84, status='DONE', bars_since_entry=nan, vol_x20=0.5, sweep_bars=13, sweep_red=6, sweep_red_frac=0.46, sweep_vol_x20=1.05, sweep_vol_vs_drift=2.01, sweep_close_pos=0.88, sweep_leg_pct=-4.46, turnover_cr=52.3, entry_gt_prior_high=False, entry_gt_flush_high=False, entry_vs_rail_pct=nan, rebased=0, rebased_from='', R_voided=0.0, outcome='voided', R=-0.63, ret_horizon=0.0071, mfe=0.1015, mae=-0.1043, bars_held=4, R_struct=nan, outcome_struct='', bars_held_struct=nan, entry_idx=2604, sweep_idx=2598, flag_end_idx=-1, pole_idx=-1)]",SHIPPING CORP OF INDIA LT,12884.0,False,2026,False
JARO.NS,2026-05-13,393.5,593.7,2026-05-25,0.5088,56,2026-08-11,450.1,-0.437,2026-08-12,435.1,-3.33,2026-08-12,444.4,427.29,593.7,3.85,8.73,15.61,DONE,31.0,0.61,2,1,0.5,1.37,2.32,0.52,-3.37,5.21,False,False,-1.27,0,,0.0,open,0.777323916249638,,,,31,,open,31,214,213,213,149,first_bullish,457.70001220703125,0.029928020267847133,,JARO INS OF TEC MG N RE L,1019.3,False,2026,False
EMSLIMITED.NS,2026-06-22,294.5,453.0,2026-06-23,0.5382,37,2026-08-13,380.0,-0.141,2026-08-17,358.05,-5.78,2026-08-17,369.1,350.57,453.0,5.02,4.53,14.97,DONE,28.0,1.75,3,1,0.33,1.75,5.98,0.57,-3.36,23.09,False,False,-2.87,0,,0.0,open,-0.5666483484341274,,,,28,,open,28,718,716,716,678,first_bullish,358.6000061035156,-0.028447558646665927,,EMS LIMITED,1991.3,False,2026,False
KPRMILL.NS,2026-06-18,1019.3,1334.0,2026-06-24,0.3087,20,2026-07-22,1089.1,-0.287,2026-07-24,1015.0,-6.8,2026-08-20,1153.2,999.94,1334.0,13.29,1.18,30.13,DONE,24.0,0.8,3,2,0.67,1.05,4.4,0.91,-3.28,28.72,True,True,5.89,0,,0.0,open,-0.2570791541946695,,,,24,,open,24,2629,2608,2608,2584,rail_reclaim,1113.800048828125,-0.03416575717297521,,KPR MILL LTD.,38150.2,False,2026,False
RAMCOSYS.NS,2026-06-24,516.25,967.5,2026-07-07,0.8741,13,2026-07-24,772.5,-0.697,2026-08-21,537.15,-30.47,2026-08-24,570.05,522.98,967.5,8.26,8.44,28.33,DONE,,1.15,21,15,0.71,0.56,2.04,0.36,-9.99,4.85,True,True,-26.21,2,"2026-07-30,2026-08-04",-1.1,open,0.24006746517819336,0.0198,0.0876,-0.0458,23,,open,23,2631,2610,2610,2588,first_bullish,581.3499755859375,0.019822779731492934,"[Setup(symbol='RAMCOSYS.NS', pole_date='2026-06-24', pole_low=516.25, pole_high=967.5, pole_high_date='2026-07-07', pole_gain=0.8741, flag_bars=13, flag_end_date='2026-07-24', rail=772.5, rail_slope_pct=-0.697, sweep_date='2026-08-21', sweep_low=537.15, sweep_below_pct=-30.47, entry_date='2026-07-30', entry=605.45, stop=534.38, target=967.5, risk_pct=11.74, reward_R=5.09, atr=53.84, status='DONE', bars_since_entry=nan, vol_x20=0.43, sweep_bars=21, sweep_red=15, sweep_red_frac=0.71, sweep_vol_x20=0.56, sweep_vol_vs_drift=2.04, sweep_close_pos=0.36, sweep_leg_pct=-9.99, turnover_cr=4.85, entry_gt_prior_high=False, entry_gt_flush_high=False, entry_vs_rail_pct=nan, rebased=0, rebased_from='', R_voided=0.0, outcome='voided', R=-0.58, ret_horizon=0.0085, mfe=0.1145, mae=-0.1128, bars_held=2, R_struct=nan, outcome_struct='', bars_held_struct=nan, entry_idx=2614, sweep_idx=2610, flag_end_idx=-1, pole_idx=-1), Setup(symbol='RAMCOSYS.NS', pole_date='2026-06-24', pole_low=516.25, pole_high=967.5, pole_high_date='2026-07-07', pole_gain=0.8741, flag_bars=13, flag_end_date='2026-07-24', rail=772.5, rail_slope_pct=-0.697, sweep_date='2026-08-21', sweep_low=537.15, sweep_below_pct=-30.47, entry_date='2026-08-04', entry=592.1, stop=515.29, target=967.5, risk_pct=12.97, reward_R=4.89, atr=43.72, status='DONE', bars_since_entry=nan, vol_x20=0.11, sweep_bars=21, sweep_red=15, sweep_red_frac=0.71, sweep_vol_x20=0.56, sweep_vol_vs_drift=2.04, sweep_close_pos=0.36, sweep_leg_pct=-9.99, turnover_cr=4.85, entry_gt_prior_high=False, entry_gt_flush_high=False, entry_vs_rail_pct=nan, rebased=0, rebased_from='', R_voided=0.0, outcome='voided', R=-0.52, ret_horizon=-0.041, mfe=0.1397, mae=-0.0928, bars_held=11, R_struct=nan, outcome_struct='', bars_held_struct=nan, entry_idx=2617, sweep_idx=2610, flag_end_idx=-1, pole_idx=-1)]",RAMCO SYSTEMS LTD.,2185.7,False,2026,False
JARO.NS,2026-05-13,393.5,593.7,2026-05-25,0.5088,56,2026-08-11,450.1,-0.437,2026-08-12,435.1,-3.33,2026-08-25,468.55,425.74,593.7,9.14,2.92,18.72,DONE,22.0,3.21,2,1,0.5,1.37,2.32,0.52,-3.37,5.21,True,True,4.1,0,,0.0,open,-0.2534451715246148,,,,22,,open,22,223,213,213,149,rail_reclaim,457.70001220703125,-0.023156520740515996,,JARO INS OF TEC MG N RE L,1019.3,False,2026,False
UEL.NS,2026-07-31,117.51,284.2,2026-08-11,1.4185,6,2026-08-19,211.36,-4.172,2026-08-26,157.1,-25.67,2026-08-26,171.74,150.8,284.2,12.19,5.37,12.6,DONE,21.0,0.95,6,1,0.17,0.95,5.69,1.0,-5.0,0.57,True,False,-18.75,0,,0.0,open,0.7808021173777754,,,,21,,open,21,2632,2627,2627,2614,first_bullish,188.08999633789062,0.09520202828630842,,UJAAS ENERGY LIMITED,2509.1,False,2026,False
LAXMIDENTL.NS,2026-05-22,192.03,275.49,2026-05-25,0.4346,57,2026-08-12,209.7,-0.15,2026-08-25,192.44,-8.23,2026-08-26,196.21,189.19,275.49,3.58,11.29,6.5,DONE,,0.54,10,8,0.8,4.19,9.53,0.17,-4.96,1.35,False,False,-6.43,1,2026-08-13,-0.45,open,0.11965855438145347,0.0043,0.0448,-0.0345,21,,open,21,399,389,389,331,first_bullish,197.0500030517578,0.004281142917067493,"[Setup(symbol='LAXMIDENTL.NS', pole_date='2026-05-22', pole_low=192.03, pole_high=275.49, pole_high_date='2026-05-25', pole_gain=0.4346, flag_bars=57, flag_end_date='2026-08-12', rail=209.7, rail_slope_pct=-0.15, sweep_date='2026-08-25', sweep_low=192.44, sweep_below_pct=-8.23, entry_date='2026-08-13', entry=206.23, stop=188.85, target=275.49, risk_pct=8.43, reward_R=3.99, atr=7.18, status='DONE', bars_since_entry=nan, vol_x20=1.86, sweep_bars=10, sweep_red=8, sweep_red_frac=0.8, sweep_vol_x20=4.19, sweep_vol_vs_drift=9.53, sweep_close_pos=0.17, sweep_leg_pct=-4.96, turnover_cr=1.35, entry_gt_prior_high=False, entry_gt_flush_high=False, entry_vs_rail_pct=nan, rebased=0, rebased_from='', R_voided=0.0, outcome='voided', R=-0.45, ret_horizon=-0.0445, mfe=0.0027, mae=-0.0814, bars_held=3, R_struct=nan, outcome_struct='', bars_held_struct=nan, entry_idx=390, sweep_idx=389, flag_end_idx=-1, pole_idx=-1)]",LAXMI DENTAL LIMITED,1084.5,False,2026,False
CARRARO.NS,2026-04-15,443.0,667.55,2026-04-16,0.5069,31,2026-06-01,535.0,0.005,2026-08-11,492.25,-7.99,2026-08-28,557.8,484.31,667.55,13.18,1.49,15.89,DONE,,3.35,52,31,0.6,7.11,23.96,0.78,-7.4,8.21,True,True,4.26,1,2026-06-17,-0.74,open,-0.10545669080189427,-0.0139,0.0265,-0.0927,19,,open,19,414,350,350,318,rail_reclaim,550.0499877929688,-0.013893890654412377,"[Setup(symbol='CARRARO.NS', pole_date='2026-04-15', pole_low=443.0, pole_high=667.55, pole_high_date='2026-04-16', pole_gain=0.5069, flag_bars=31, flag_end_date='2026-06-01', rail=535.0, rail_slope_pct=0.005, sweep_date='2026-08-11', sweep_low=492.25, sweep_below_pct=-7.99, entry_date='2026-06-17', entry=540.65, stop=483.04, target=667.55, risk_pct=10.66, reward_R=2.2, atr=18.43, status='DONE', bars_since_entry=nan, vol_x20=0.23, sweep_bars=52, sweep_red=31, sweep_red_frac=0.6, sweep_vol_x20=7.11, sweep_vol_vs_drift=23.96, sweep_close_pos=0.78, sweep_leg_pct=-7.4, turnover_cr=8.21, entry_gt_prior_high=False, entry_gt_flush_high=False, entry_vs_rail_pct=nan, rebased=0, rebased_from='', R_voided=0.0, outcome='voided', R=-0.74, ret_horizon=-0.0196, mfe=0.1281, mae=-0.0895, bars_held=38, R_struct=nan, outcome_struct='', bars_held_struct=nan, entry_idx=362, sweep_idx=350, flag_end_idx=-1, pole_idx=-1)]",CARRARO INDIA LIMITED,3127.1,False,2026,False
JUSTDIAL.NS,2026-07-13,522.15,838.3,2026-07-15,0.6055,15,2026-08-05,700.1,-0.524,2026-08-27,637.3,-8.97,2026-08-28,704.55,626.71,838.3,11.05,1.72,21.17,DONE,19.0,3.77,17,12,0.71,0.58,2.53,0.25,-2.95,18.58,True,True,0.64,0,,0.0,open,-0.4136693783923752,,,,19,,open,19,2635,2618,2618,2601,rail_reclaim,672.3499755859375,-0.04570296560082676,,JUSTDIAL LTD.,5718.3,False,2026,False
JUSTDIAL.NS,2026-07-13,522.15,838.3,2026-07-15,0.6055,15,2026-08-05,700.1,-0.524,2026-08-27,637.3,-8.97,2026-08-28,704.55,626.71,838.3,11.05,1.72,21.17,DONE,,3.77,17,12,0.71,0.58,2.53,0.25,-2.95,18.58,True,True,0.64,2,"2026-08-10,2026-08-20",-1.15,open,-0.4136693783923752,-0.0457,0.0418,-0.0819,19,,open,19,2635,2618,2618,2601,first_bullish,672.3499755859375,-0.04570296560082676,"[Setup(symbol='JUSTDIAL.NS', pole_date='2026-07-13', pole_low=522.15, pole_high=838.3, pole_high_date='2026-07-15', pole_gain=0.6055, flag_bars=15, flag_end_date='2026-08-05', rail=700.1, rail_slope_pct=-0.524, sweep_date='2026-08-27', sweep_low=637.3, sweep_below_pct=-8.97, entry_date='2026-08-10', entry=687.55, stop=638.13, target=838.3, risk_pct=7.19, reward_R=3.05, atr=27.74, status='DONE', bars_since_entry=nan, vol_x20=0.04, sweep_bars=17, sweep_red=12, sweep_red_frac=0.71, sweep_vol_x20=0.58, sweep_vol_vs_drift=2.53, sweep_close_pos=0.25, sweep_leg_pct=-2.95, turnover_cr=18.58, entry_gt_prior_high=False, entry_gt_flush_high=False, entry_vs_rail_pct=nan, rebased=0, rebased_from='', R_voided=0.0, outcome='voided', R=-0.53, ret_horizon=-0.0071, mfe=0.0676, mae=-0.0731, bars_held=6, R_struct=nan, outcome_struct='', bars_held_struct=nan, entry_idx=2621, sweep_idx=2618, flag_end_idx=-1, pole_idx=-1), Setup(symbol='JUSTDIAL.NS', pole_date='2026-07-13', pole_low=522.15, pole_high=838.3, pole_high_date='2026-07-15', pole_gain=0.6055, flag_bars=15, flag_end_date='2026-08-05', rail=700.1, rail_slope_pct=-0.524, sweep_date='2026-08-27', sweep_low=637.3, sweep_below_pct=-8.97, entry_date='2026-08-20', entry=680.65, stop=627.06, target=838.3, risk_pct=7.87, reward_R=2.94, atr=20.48, status='DONE', bars_since_entry=nan, vol_x20=0.58, sweep_bars=17, sweep_red=12, sweep_red_frac=0.71, sweep_vol_x20=0.58, sweep_vol_vs_drift=2.53, sweep_close_pos=0.25, sweep_leg_pct=-2.95, turnover_cr=18.58, entry_gt_prior_high=False, entry_gt_flush_high=False, entry_vs_rail_pct=nan, rebased=0, rebased_from='', R_voided=0.0, outcome='voided', R=-0.62, ret_horizon=-0.0122, mfe=0.0784, mae=-0.0637, bars_held=4, R_struct=nan, outcome_struct='', bars_held_struct=nan, entry_idx=2629, sweep_idx=2618, flag_end_idx=-1, pole_idx=-1)]",JUSTDIAL LTD.,5718.3,False,2026,False
TSFINV.NS,2026-06-29,389.8,492.0,2026-07-10,0.2622,8,2026-07-22,460.6,-0.259,2026-08-27,399.15,-13.34,2026-08-28,407.2,394.13,492.0,3.21,6.49,10.03,DONE,,0.68,27,19,0.7,1.45,4.0,0.38,-5.5,3.26,False,False,-11.59,2,"2026-07-28,2026-08-17",-1.2,open,3.8026009102130383,0.1221,0.1477,-0.0246,19,,open,19,2083,2056,2056,2039,first_bullish,456.8999938964844,0.12205303019765323,"[Setup(symbol='TSFINV.NS', pole_date='2026-06-29', pole_low=389.8, pole_high=492.0, pole_high_date='2026-07-10', pole_gain=0.2622, flag_bars=8, flag_end_date='2026-07-22', rail=460.6, rail_slope_pct=-0.259, sweep_date='2026-08-27', sweep_low=399.15, sweep_below_pct=-13.34, entry_date='2026-07-28', entry=446.55, stop=400.73, target=492.0, risk_pct=10.26, reward_R=0.99, atr=17.74, status='DONE', bars_since_entry=nan, vol_x20=0.39, sweep_bars=27, sweep_red=19, sweep_red_frac=0.7, sweep_vol_x20=1.45, sweep_vol_vs_drift=4.0, sweep_close_pos=0.38, sweep_leg_pct=-5.5, turnover_cr=3.26, entry_gt_prior_high=False, entry_gt_flush_high=False, entry_vs_rail_pct=nan, rebased=0, rebased_from='', R_voided=0.0, outcome='voided', R=-0.63, ret_horizon=-0.0543, mfe=0.0559, mae=-0.1105, bars_held=11, R_struct=nan, outcome_struct='', bars_held_struct=nan, entry_idx=2060, sweep_idx=2056, flag_end_idx=-1, pole_idx=-1), Setup(symbol='TSFINV.NS', pole_date='2026-06-29', pole_low=389.8, pole_high=492.0, pole_high_date='2026-07-10', pole_gain=0.2622, flag_bars=8, flag_end_date='2026-07-22', rail=460.6, rail_slope_pct=-0.259, sweep_date='2026-08-27', sweep_low=399.15, sweep_below_pct=-13.34, entry_date='2026-08-17', entry=420.4, stop=391.87, target=492.0, risk_pct=6.79, reward_R=2.51, atr=14.57, status='DONE', bars_since_entry=nan, vol_x20=0.97, sweep_bars=27, sweep_red=19, sweep_red_frac=0.7, sweep_vol_x20=1.45, sweep_vol_vs_drift=4.0, sweep_close_pos=0.38, sweep_leg_pct=-5.5, turnover_cr=3.26, entry_gt_prior_high=False, entry_gt_flush_high=False, entry_vs_rail_pct=nan, rebased=0, rebased_from='', R_voided=0.0, outcome='voided', R=-0.57, ret_horizon=0.0868, mfe=0.1117, mae=-0.0552, bars_held=8, R_struct=nan, outcome_struct='', bars_held_struct=nan, entry_idx=2074, sweep_idx=2056, flag_end_idx=-1, pole_idx=-1)]",TSF INVESTMENTS LIMITED,10083.4,False,2026,False
EMSLIMITED.NS,2026-06-22,294.5,453.0,2026-06-23,0.5382,37,2026-08-13,380.0,-0.141,2026-08-17,358.05,-5.78,2026-09-02,386.8,350.1,453.0,9.49,1.8,15.9,DONE,16.0,20.17,3,1,0.33,1.75,5.98,0.57,-3.36,23.09,True,True,1.79,0,,0.0,open,-0.76839220426388,,,,16,,open,16,730,716,716,678,rail_reclaim,358.6000061035156,-0.0729058787396184,,EMS LIMITED,1991.3,False,2026,False
UEL.NS,2026-07-31,117.51,284.2,2026-08-11,1.4185,6,2026-08-19,211.36,-4.172,2026-08-26,157.1,-25.67,2026-09-02,219.15,151.76,284.2,30.75,0.97,10.68,DONE,16.0,1.79,6,1,0.17,0.95,5.69,1.0,-5.0,0.57,True,True,3.69,0,,0.0,open,-0.46089929755318854,,,,16,,open,16,2637,2627,2627,2614,rail_reclaim,188.08999633789062,-0.14172942579105352,,UJAAS ENERGY LIMITED,2509.1,False,2026,False
IXIGO.NS,2026-06-12,151.27,197.8,2026-06-23,0.3076,47,2026-08-27,166.42,-0.375,2026-09-02,155.76,-6.41,2026-09-03,162.15,153.29,197.8,5.46,4.03,4.93,DONE,,1.69,5,4,0.8,1.94,3.6,0.17,-3.23,22.79,True,True,-2.57,1,2026-08-31,-0.45,open,-0.3205420362761006,-0.0175,0.0572,-0.0371,15,,open,15,553,548,548,494,first_bullish,159.30999755859375,-0.01751466198832108,"[Setup(symbol='IXIGO.NS', pole_date='2026-06-12', pole_low=151.27, pole_high=197.8, pole_high_date='2026-06-23', pole_gain=0.3076, flag_bars=47, flag_end_date='2026-08-27', rail=166.42, rail_slope_pct=-0.375, sweep_date='2026-09-02', sweep_low=155.76, sweep_below_pct=-6.41, entry_date='2026-08-31', entry=163.02, stop=153.24, target=197.8, risk_pct=6.0, reward_R=3.56, atr=5.04, status='DONE', bars_since_entry=nan, vol_x20=0.91, sweep_bars=5, sweep_red=4, sweep_red_frac=0.8, sweep_vol_x20=1.94, sweep_vol_vs_drift=3.6, sweep_close_pos=0.17, sweep_leg_pct=-3.23, turnover_cr=22.79, entry_gt_prior_high=False, entry_gt_flush_high=False, entry_vs_rail_pct=nan, rebased=0, rebased_from='', R_voided=0.0, outcome='voided', R=-0.45, ret_horizon=-0.0228, mfe=0.0515, mae=-0.0445, bars_held=1, R_struct=nan, outcome_struct='', bars_held_struct=nan, entry_idx=550, sweep_idx=548, flag_end_idx=-1, pole_idx=-1)]",LE TRAVENUES TECHNOLOGY L,7026.3,False,2026,False
ITDC.NS,2026-07-07,582.9,822.0,2026-07-20,0.4102,30,2026-08-31,657.0,-0.347,2026-09-09,627.1,-4.55,2026-09-10,664.6,614.73,822.0,7.5,3.16,24.75,DONE,10.0,32.47,8,5,0.62,0.84,6.85,0.27,-3.31,55.63,True,True,1.16,0,,0.0,open,0.424102666934028,,,,10,,open,10,2398,2390,2390,2351,rail_reclaim,685.75,0.031823653325308454,,INDIA TOUR. DEV. CO. LTD.,5881.6,False,2026,False
SUMICHEM.NS,2026-07-03,411.55,549.75,2026-07-16,0.3358,9,2026-07-29,515.0,-0.358,2026-09-16,446.75,-13.25,2026-09-16,454.05,440.0,549.75,3.1,6.81,13.51,DONE,,0.93,36,25,0.69,3.19,13.4,0.69,-5.13,12.31,False,False,-11.83,2,"2026-07-30,2026-09-10",-1.16,open,-0.30960767209742046,-0.0096,0.0329,-0.0153,6,,open,6,1647,1612,1612,1594,first_bullish,449.70001220703125,-0.009580415797750819,"[Setup(symbol='SUMICHEM.NS', pole_date='2026-07-03', pole_low=411.55, pole_high=549.75, pole_high_date='2026-07-16', pole_gain=0.3358, flag_bars=9, flag_end_date='2026-07-29', rail=515.0, rail_slope_pct=-0.358, sweep_date='2026-09-16', sweep_low=446.75, sweep_below_pct=-13.25, entry_date='2026-07-30', entry=508.4, stop=463.12, target=549.75, risk_pct=8.91, reward_R=0.91, atr=20.05, status='DONE', bars_since_entry=nan, vol_x20=0.56, sweep_bars=36, sweep_red=25, sweep_red_frac=0.69, sweep_vol_x20=3.19, sweep_vol_vs_drift=13.4, sweep_close_pos=0.69, sweep_leg_pct=-5.13, turnover_cr=12.31, entry_gt_prior_high=False, entry_gt_flush_high=False, entry_vs_rail_pct=nan, rebased=0, rebased_from='', R_voided=0.0, outcome='voided', R=-0.45, ret_horizon=-0.0541, mfe=0.1252, mae=-0.1213, bars_held=27, R_struct=nan, outcome_struct='', bars_held_struct=nan, entry_idx=1613, sweep_idx=1612, flag_end_idx=-1, pole_idx=-1), Setup(symbol='SUMICHEM.NS', pole_date='2026-07-03', pole_low=411.55, pole_high=549.75, pole_high_date='2026-07-16', pole_gain=0.3358, flag_bars=9, flag_end_date='2026-07-29', rail=515.0, rail_slope_pct=-0.358, sweep_date='2026-09-16', sweep_low=446.75, sweep_below_pct=-13.25, entry_date='2026-09-10', entry=480.9, stop=439.92, target=549.75, risk_pct=8.52, reward_R=1.68, atr=13.66, status='DONE', bars_since_entry=nan, vol_x20=3.19, sweep_bars=36, sweep_red=25, sweep_red_frac=0.69, sweep_vol_x20=3.19, sweep_vol_vs_drift=13.4, sweep_close_pos=0.69, sweep_leg_pct=-5.13, turnover_cr=12.31, entry_gt_prior_high=False, entry_gt_flush_high=False, entry_vs_rail_pct=nan, rebased=0, rebased_from='', R_voided=0.0, outcome='voided', R=-0.71, ret_horizon=-0.0649, mfe=-0.0019, mae=-0.071, bars_held=3, R_struct=nan, outcome_struct='', bars_held_struct=nan, entry_idx=1643, sweep_idx=1612, flag_end_idx=-1, pole_idx=-1)]",SUMITOMO CHEM INDIA LTD,22446.6,False,2026,False
MARATHON.NS,2026-08-24,344.05,461.5,2026-09-07,0.3414,6,2026-09-15,428.0,-0.181,2026-09-16,397.25,-7.18,2026-09-16,415.05,388.05,461.5,6.51,1.72,18.4,DONE,6.0,0.2,2,1,0.5,0.2,0.92,0.79,-4.93,6.29,False,False,-3.03,0,,0.0,open,-0.15740785951967634,,,,6,,open,6,2465,2464,2464,2448,first_bullish,410.79998779296875,-0.010239759563983264,,MARATHON NXTGEN REALT LTD,2770.6,False,2026,False
ZENSARTECH.NS,2026-07-03,423.0,558.0,2026-07-14,0.3191,41,2026-09-09,448.0,-0.337,2026-09-11,421.0,-6.03,2026-09-16,450.15,412.86,558.0,8.28,2.89,16.27,DONE,6.0,3.95,3,3,1.0,1.42,4.75,0.36,-3.02,154.28,False,True,0.48,0,,0.0,open,-0.740145138295287,,,,6,,open,6,2648,2643,2643,2595,first_bullish,422.54998779296875,-0.0613129228191297,,ZENSAR TECHNOLOGIES  LTD,9583.4,False,2026,False
SUVEN.NS,2026-08-20,307.15,403.35,2026-09-01,0.3132,6,2026-09-09,367.75,-0.194,2026-09-16,324.0,-11.9,2026-09-16,336.45,315.34,403.35,6.28,3.17,17.33,DONE,,0.61,6,2,0.33,0.99,1.28,0.69,-6.22,21.39,False,False,-8.51,1,2026-09-11,-0.55,open,-0.06631985822033339,-0.0042,0.0516,-0.014,6,,open,6,2648,2643,2643,2629,first_bullish,335.04998779296875,-0.004161130055078677,"[Setup(symbol='SUVEN.NS', pole_date='2026-08-20', pole_low=307.15, pole_high=403.35, pole_high_date='2026-09-01', pole_gain=0.3132, flag_bars=6, flag_end_date='2026-09-09', rail=367.75, rail_slope_pct=-0.194, sweep_date='2026-09-16', sweep_low=324.0, sweep_below_pct=-11.9, entry_date='2026-09-11', entry=355.55, stop=315.54, target=403.35, risk_pct=11.25, reward_R=1.19, atr=16.91, status='DONE', bars_since_entry=nan, vol_x20=0.41, sweep_bars=6, sweep_red=2, sweep_red_frac=0.33, sweep_vol_x20=0.99, sweep_vol_vs_drift=1.28, sweep_close_pos=0.69, sweep_leg_pct=-6.22, turnover_cr=21.39, entry_gt_prior_high=False, entry_gt_flush_high=False, entry_vs_rail_pct=nan, rebased=0, rebased_from='', R_voided=0.0, outcome='voided', R=-0.55, ret_horizon=-0.0577, mfe=0.0236, mae=-0.0887, bars_held=2, R_struct=nan, outcome_struct='', bars_held_struct=nan, entry_idx=2645, sweep_idx=2643, flag_end_idx=-1, pole_idx=-1)]",SUVEN LIFE SCIENCES LTD,9467.3,False,2026,False
ITDC.NS,2026-07-07,582.9,822.0,2026-07-20,0.4102,30,2026-08-31,657.0,-0.347,2026-09-09,627.1,-4.55,2026-09-16,656.75,612.27,822.0,6.77,3.72,29.65,DONE,6.0,0.16,8,5,0.62,0.84,6.85,0.27,-3.31,55.63,False,True,-0.04,0,,0.0,open,0.6519784172661868,,,,6,,open,6,2402,2390,2390,2351,first_bullish,685.75,0.04415683288922723,,INDIA TOUR. DEV. CO. LTD.,5881.6,False,2026,False
NIBE.NS,2026-05-22,976.1,1634.0,2026-06-05,0.674,39,2026-07-30,1393.0,-0.137,2026-09-16,1188.0,-14.72,2026-09-17,1250.1,1165.44,1634.0,6.77,4.53,45.11,DONE,,0.43,34,26,0.76,5.77,12.16,0.36,-5.36,6.91,False,False,-10.26,2,"2026-08-04,2026-09-04",-0.82,open,0.5563424423798154,0.0377,0.1303,-0.0174,5,,open,5,399,365,365,316,first_bullish,1297.199951171875,0.03767694678175748,"[Setup(symbol='NIBE.NS', pole_date='2026-05-22', pole_low=976.1, pole_high=1634.0, pole_high_date='2026-06-05', pole_gain=0.674, flag_bars=39, flag_end_date='2026-07-30', rail=1393.0, rail_slope_pct=-0.137, sweep_date='2026-09-16', sweep_low=1188.0, sweep_below_pct=-14.72, entry_date='2026-08-04', entry=1383.1, stop=1281.05, target=1634.0, risk_pct=7.38, reward_R=2.46, atr=57.91, status='DONE', bars_since_entry=nan, vol_x20=0.46, sweep_bars=34, sweep_red=26, sweep_red_frac=0.76, sweep_vol_x20=5.77, sweep_vol_vs_drift=12.16, sweep_close_pos=0.36, sweep_leg_pct=-5.36, turnover_cr=6.91, entry_gt_prior_high=False, entry_gt_flush_high=False, entry_vs_rail_pct=nan, rebased=0, rebased_from='', R_voided=0.0, outcome='voided', R=-0.6, ret_horizon=-0.1237, mfe=0.1351, mae=-0.1411, bars_held=22, R_struct=nan, outcome_struct='', bars_held_struct=nan, entry_idx=368, sweep_idx=365, flag_end_idx=-1, pole_idx=-1), Setup(symbol='NIBE.NS', pole_date='2026-05-22', pole_low=976.1, pole_high=1634.0, pole_high_date='2026-06-05', pole_gain=0.674, flag_bars=39, flag_end_date='2026-07-30', rail=1393.0, rail_slope_pct=-0.137, sweep_date='2026-09-16', sweep_low=1188.0, sweep_below_pct=-14.72, entry_date='2026-09-04', entry=1336.6, stop=1160.37, target=1634.0, risk_pct=13.18, reward_R=1.69, atr=55.26, status='DONE', bars_since_entry=nan, vol_x20=0.37, sweep_bars=34, sweep_red=26, sweep_red_frac=0.76, sweep_vol_x20=5.77, sweep_vol_vs_drift=12.16, sweep_close_pos=0.36, sweep_leg_pct=-5.36, turnover_cr=6.91, entry_gt_prior_high=False, entry_gt_flush_high=False, entry_vs_rail_pct=nan, rebased=0, rebased_from='', R_voided=0.0, outcome='voided', R=-0.22, ret_horizon=-0.0295, mfe=0.0572, mae=-0.1112, bars_held=4, R_struct=nan, outcome_struct='', bars_held_struct=nan, entry_idx=391, sweep_idx=365, flag_end_idx=-1, pole_idx=-1)]",NIBE LIMITED,2010.9,False,2026,False
AJMERA.NS,2026-06-15,104.42,146.0,2026-06-22,0.3982,37,2026-08-12,120.84,-0.237,2026-09-16,109.33,-9.52,2026-09-17,113.8,107.44,146.0,5.59,5.06,3.79,DONE,,0.9,26,12,0.46,2.14,3.8,0.81,-3.6,3.84,False,False,-5.83,2,"2026-08-17,2026-09-08",-0.91,open,1.0550317824261748,0.059,0.0808,-0.0094,5,,open,5,2649,2623,2623,2581,first_bullish,120.51000213623047,0.05896311191766679,"[Setup(symbol='AJMERA.NS', pole_date='2026-06-15', pole_low=104.42, pole_high=146.0, pole_high_date='2026-06-22', pole_gain=0.3982, flag_bars=37, flag_end_date='2026-08-12', rail=120.84, rail_slope_pct=-0.237, sweep_date='2026-09-16', sweep_low=109.33, sweep_below_pct=-9.52, entry_date='2026-08-17', entry=118.7, stop=111.78, target=146.0, risk_pct=5.83, reward_R=3.95, atr=4.02, status='DONE', bars_since_entry=nan, vol_x20=0.49, sweep_bars=26, sweep_red=12, sweep_red_frac=0.46, sweep_vol_x20=2.14, sweep_vol_vs_drift=3.8, sweep_close_pos=0.81, sweep_leg_pct=-3.6, turnover_cr=3.84, entry_gt_prior_high=False, entry_gt_flush_high=False, entry_vs_rail_pct=nan, rebased=0, rebased_from='', R_voided=0.0, outcome='voided', R=-0.47, ret_horizon=0.0152, mfe=0.0361, mae=-0.0789, bars_held=13, R_struct=nan, outcome_struct='', bars_held_struct=nan, entry_idx=2626, sweep_idx=2623, flag_end_idx=-1, pole_idx=-1), Setup(symbol='AJMERA.NS', pole_date='2026-06-15', pole_low=104.42, pole_high=146.0, pole_high_date='2026-06-22', pole_gain=0.3982, flag_bars=37, flag_end_date='2026-08-12', rail=120.84, rail_slope_pct=-0.237, sweep_date='2026-09-16', sweep_low=109.33, sweep_below_pct=-9.52, entry_date='2026-09-08', entry=118.1, stop=107.57, target=146.0, risk_pct=8.92, reward_R=2.65, atr=3.52, status='DONE', bars_since_entry=nan, vol_x20=1.26, sweep_bars=26, sweep_red=12, sweep_red_frac=0.46, sweep_vol_x20=2.14, sweep_vol_vs_drift=3.8, sweep_close_pos=0.81, sweep_leg_pct=-3.6, turnover_cr=3.84, entry_gt_prior_high=False, entry_gt_flush_high=False, entry_vs_rail_pct=nan, rebased=0, rebased_from='', R_voided=0.0, outcome='voided', R=-0.44, ret_horizon=0.0204, mfe=0.0414, mae=-0.0743, bars_held=6, R_struct=nan, outcome_struct='', bars_held_struct=nan, entry_idx=2642, sweep_idx=2623, flag_end_idx=-1, pole_idx=-1)]",AJMERA REALTY & INF I LTD,2371.6,False,2026,False
RAILTEL.NS,2026-04-15,245.0,353.9,2026-04-16,0.4445,6,2026-04-24,324.54,-0.513,2026-09-16,248.0,-23.58,2026-09-17,259.25,244.83,353.9,5.56,6.56,6.34,DONE,,1.35,104,66,0.63,25.6,96.83,0.62,-4.35,12.83,True,True,-20.12,5,"2026-04-27,2026-06-02,2026-06-09,2026-06-12,2026-07-29",-2.81,open,0.1594998469465154,0.0089,0.0415,-0.0037,5,,open,5,1376,1272,1272,1265,first_bullish,261.54998779296875,0.008871698333534184,"[Setup(symbol='RAILTEL.NS', pole_date='2026-04-15', pole_low=245.0, pole_high=353.9, pole_high_date='2026-04-16', pole_gain=0.4445, flag_bars=6, flag_end_date='2026-04-24', rail=324.54, rail_slope_pct=-0.513, sweep_date='2026-09-16', sweep_low=248.0, sweep_below_pct=-23.58, entry_date='2026-04-27', entry=323.8, stop=298.53, target=353.9, risk_pct=7.8, reward_R=1.19, atr=15.23, status='DONE', bars_since_entry=nan, vol_x20=0.15, sweep_bars=104, sweep_red=66, sweep_red_frac=0.63, sweep_vol_x20=25.6, sweep_vol_vs_drift=96.83, sweep_close_pos=0.62, sweep_leg_pct=-4.35, turnover_cr=12.83, entry_gt_prior_high=False, entry_gt_flush_high=False, entry_vs_rail_pct=nan, rebased=0, rebased_from='', R_voided=0.0, outcome='voided', R=-0.49, ret_horizon=-0.0624, mfe=0.0869, mae=-0.0948, bars_held=25, R_struct=nan, outcome_struct='', bars_held_struct=nan, entry_idx=1273, sweep_idx=1272, flag_end_idx=-1, pole_idx=-1), Setup(symbol='RAILTEL.NS', pole_date='2026-04-15', pole_low=245.0, pole_high=353.9, pole_high_date='2026-04-16', pole_gain=0.4445, flag_bars=6, flag_end_date='2026-04-24', rail=324.54, rail_slope_pct=-0.513, sweep_date='2026-09-16', sweep_low=248.0, sweep_below_pct=-23.58, entry_date='2026-06-02', entry=316.0, stop=297.8, target=353.9, risk_pct=5.76, reward_R=2.08, atr=8.5, status='DONE', bars_since_entry=nan, vol_x20=0.46, sweep_bars=104, sweep_red=66, sweep_red_frac=0.63, sweep_vol_x20=25.6, sweep_vol_vs_drift=96.83, sweep_close_pos=0.62, sweep_leg_pct=-4.35, turnover_cr=12.83, entry_gt_prior_high=False, entry_gt_flush_high=False, entry_vs_rail_pct=nan, rebased=0, rebased_from='', R_voided=0.0, outcome='voided', R=-0.68, ret_horizon=-0.0392, mfe=0.0422, mae=-0.1297, bars_held=4, R_struct=nan, outcome_struct='', bars_held_struct=nan, entry_idx=1299, sweep_idx=1272, flag_end_idx=-1, pole_idx=-1), Setup(symbol='RAILTEL.NS', pole_date='2026-04-15', pole_low=245.0, pole_high=353.9, pole_high_date='2026-04-16', pole_gain=0.4445, flag_bars=6, flag_end_date='2026-04-24', rail=324.54, rail_slope_pct=-0.513, sweep_date='2026-09-16', sweep_low=248.0, sweep_below_pct=-23.58, entry_date='2026-06-09', entry=311.95, stop=288.82, target=353.9, risk_pct=7.41, reward_R=1.81, atr=8.57, status='DONE', bars_since_entry=nan, vol_x20=0.84, sweep_bars=104, sweep_red=66, sweep_red_frac=0.63, sweep_vol_x20=25.6, sweep_vol_vs_drift=96.83, sweep_close_pos=0.62, sweep_leg_pct=-4.35, turnover_cr=12.83, entry_gt_prior_high=False, entry_gt_flush_high=False, entry_vs_rail_pct=nan, rebased=0, rebased_from='', R_voided=0.0, outcome='voided', R=-0.75, ret_horizon=-0.0571, mfe=0.0558, mae=-0.1202, bars_held=2, R_struct=nan, outcome_struct='', bars_held_struct=nan, entry_idx=1304, sweep_idx=1272, flag_end_idx=-1, pole_idx=-1), Setup(symbol='RAILTEL.NS', pole_date='2026-04-15', pole_low=245.0, pole_high=353.9, pole_high_date='2026-04-16', pole_gain=0.4445, flag_bars=6, flag_end_date='2026-04-24', rail=324.54, rail_slope_pct=-0.513, sweep_date='2026-09-16', sweep_low=248.0, sweep_below_pct=-23.58, entry_date='2026-06-12', entry=308.75, stop=274.44, target=353.9, risk_pct=11.11, reward_R=1.32, atr=9.73, status='DONE', bars_since_entry=nan, vol_x20=1.34, sweep_bars=104, sweep_red=66, sweep_red_frac=0.63, sweep_vol_x20=25.6, sweep_vol_vs_drift=96.83, sweep_close_pos=0.62, sweep_leg_pct=-4.35, turnover_cr=12.83, entry_gt_prior_high=False, entry_gt_flush_high=False, entry_vs_rail_pct=nan, rebased=0, rebased_from='', R_voided=0.0, outcome='voided', R=-0.55, ret_horizon=-0.0777, mfe=0.0667, mae=-0.1255, bars_held=28, R_struct=nan, outcome_struct='', bars_held_struct=nan, entry_idx=1307, sweep_idx=1272, flag_end_idx=-1, pole_idx=-1), Setup(symbol='RAILTEL.NS', pole_date='2026-04-15', pole_low=245.0, pole_high=353.9, pole_high_date='2026-04-16', pole_gain=0.4445, flag_bars=6, flag_end_date='2026-04-24', rail=324.54, rail_slope_pct=-0.513, sweep_date='2026-09-16', sweep_low=248.0, sweep_below_pct=-23.58, entry_date='2026-07-29', entry=293.5, stop=244.57, target=353.9, risk_pct=16.67, reward_R=1.23, atr=6.85, status='DONE', bars_since_entry=nan, vol_x20=1.24, sweep_bars=104, sweep_red=66, sweep_red_frac=0.63, sweep_vol_x20=25.6, sweep_vol_vs_drift=96.83, sweep_close_pos=0.62, sweep_leg_pct=-4.35, turnover_cr=12.83, entry_gt_prior_high=False, entry_gt_flush_high=False, entry_vs_rail_pct=nan, rebased=0, rebased_from='', R_voided=0.0, outcome='voided', R=-0.33, ret_horizon=-0.1012, mfe=0.014, mae=-0.155, bars_held=14, R_struct=nan, outcome_struct='', bars_held_struct=nan, entry_idx=1340, sweep_idx=1272, flag_end_idx=-1, pole_idx=-1)]",RAILTEL CORP OF IND LTD,8394.1,False,2026,False
BALUFORGE.NS,2026-08-24,441.55,650.0,2026-08-31,0.4721,11,2026-09-15,523.3,-1.669,2026-09-16,470.0,-10.19,2026-09-17,501.6,456.01,650.0,9.09,3.26,27.98,DONE,5.0,0.36,2,2,1.0,0.4,0.94,0.44,-6.6,63.77,True,True,-4.15,0,,0.0,open,-0.076771087880772,,,,5,,open,5,596,594,594,578,first_bullish,498.1000061035156,-0.006977659283262327,,BALU FORGE INDUSTRIES LTD,6046.5,False,2026,False
UNIVCABLES.NS,2026-08-10,1210.1,1774.9,2026-08-11,0.4667,19,2026-09-07,1540.0,-0.308,2026-09-16,1338.4,-13.09,2026-09-17,1438.8,1300.32,1774.9,9.62,2.43,76.16,DONE,,0.51,8,4,0.5,1.59,3.13,0.6,-5.63,21.42,False,False,-6.57,1,2026-09-08,-0.47,open,0.5647024841132297,0.0544,0.0763,-0.0033,5,,open,5,2649,2641,2641,2621,first_bullish,1517.0,0.054350847928829715,"[Setup(symbol='UNIVCABLES.NS', pole_date='2026-08-10', pole_low=1210.1, pole_high=1774.9, pole_high_date='2026-08-11', pole_gain=0.4667, flag_bars=19, flag_end_date='2026-09-07', rail=1540.0, rail_slope_pct=-0.308, sweep_date='2026-09-16', sweep_low=1338.4, sweep_below_pct=-13.09, entry_date='2026-09-08', entry=1524.7, stop=1298.29, target=1774.9, risk_pct=14.85, reward_R=1.11, atr=80.21, status='DONE', bars_since_entry=nan, vol_x20=0.69, sweep_bars=8, sweep_red=4, sweep_red_frac=0.5, sweep_vol_x20=1.59, sweep_vol_vs_drift=3.13, sweep_close_pos=0.6, sweep_leg_pct=-5.63, turnover_cr=21.42, entry_gt_prior_high=False, entry_gt_flush_high=False, entry_vs_rail_pct=nan, rebased=0, rebased_from='', R_voided=0.0, outcome='voided', R=-0.47, ret_horizon=-0.0051, mfe=0.0344, mae=-0.1222, bars_held=5, R_struct=nan, outcome_struct='', bars_held_struct=nan, entry_idx=2642, sweep_idx=2641, flag_end_idx=-1, pole_idx=-1)]",UNIVERSAL CABLES LTD,5263.3,False,2026,False
BOROSCI.NS,2026-05-20,111.3,158.0,2026-06-03,0.4196,45,2026-08-05,144.0,0.028,2026-09-16,115.54,-19.76,2026-09-18,119.56,112.91,158.0,5.56,5.78,5.26,DONE,,0.4,31,23,0.74,2.34,7.93,0.4,-4.2,0.97,False,False,-16.97,4,"2026-08-07,2026-08-13,2026-08-26,2026-09-01",-1.84,open,-0.5699253168321192,-0.0317,0.0568,-0.0458,4,,open,4,569,537,537,482,first_bullish,115.7699966430664,-0.031699593149327465,"[Setup(symbol='BOROSCI.NS', pole_date='2026-05-20', pole_low=111.3, pole_high=158.0, pole_high_date='2026-06-03', pole_gain=0.4196, flag_bars=45, flag_end_date='2026-08-05', rail=144.0, rail_slope_pct=0.028, sweep_date='2026-09-16', sweep_low=115.54, sweep_below_pct=-19.76, entry_date='2026-08-07', entry=141.85, stop=128.99, target=158.0, risk_pct=9.07, reward_R=1.26, atr=6.22, status='DONE', bars_since_entry=nan, vol_x20=0.89, sweep_bars=31, sweep_red=23, sweep_red_frac=0.74, sweep_vol_x20=2.34, sweep_vol_vs_drift=7.93, sweep_close_pos=0.4, sweep_leg_pct=-4.2, turnover_cr=0.97, entry_gt_prior_high=False, entry_gt_flush_high=False, entry_vs_rail_pct=nan, rebased=0, rebased_from='', R_voided=0.0, outcome='voided', R=-0.33, ret_horizon=-0.1571, mfe=0.0023, mae=-0.1958, bars_held=1, R_struct=nan, outcome_struct='', bars_held_struct=nan, entry_idx=539, sweep_idx=537, flag_end_idx=-1, pole_idx=-1), Setup(symbol='BOROSCI.NS', pole_date='2026-05-20', pole_low=111.3, pole_high=158.0, pole_high_date='2026-06-03', pole_gain=0.4196, flag_bars=45, flag_end_date='2026-08-05', rail=144.0, rail_slope_pct=0.028, sweep_date='2026-09-16', sweep_low=115.54, sweep_below_pct=-19.76, entry_date='2026-08-13', entry=135.44, stop=121.3, target=158.0, risk_pct=10.44, reward_R=1.6, atr=5.89, status='DONE', bars_since_entry=nan, vol_x20=0.43, sweep_bars=31, sweep_red=23, sweep_red_frac=0.74, sweep_vol_x20=2.34, sweep_vol_vs_drift=7.93, sweep_close_pos=0.4, sweep_leg_pct=-4.2, turnover_cr=0.97, entry_gt_prior_high=False, entry_gt_flush_high=False, entry_vs_rail_pct=nan, rebased=0, rebased_from='', R_voided=0.0, outcome='voided', R=-0.35, ret_horizon=-0.1452, mfe=0.0196, mae=-0.1577, bars_held=3, R_struct=nan, outcome_struct='', bars_held_struct=nan, entry_idx=543, sweep_idx=537, flag_end_idx=-1, pole_idx=-1), Setup(symbol='BOROSCI.NS', pole_date='2026-05-20', pole_low=111.3, pole_high=158.0, pole_high_date='2026-06-03', pole_gain=0.4196, flag_bars=45, flag_end_date='2026-08-05', rail=144.0, rail_slope_pct=0.028, sweep_date='2026-09-16', sweep_low=115.54, sweep_below_pct=-19.76, entry_date='2026-08-26', entry=127.07, stop=120.3, target=158.0, risk_pct=5.33, reward_R=4.57, atr=4.02, status='DONE', bars_since_entry=nan, vol_x20=0.36, sweep_bars=31, sweep_red=23, sweep_red_frac=0.74, sweep_vol_x20=2.34, sweep_vol_vs_drift=7.93, sweep_close_pos=0.4, sweep_leg_pct=-4.2, turnover_cr=0.97, entry_gt_prior_high=False, entry_gt_flush_high=False, entry_vs_rail_pct=nan, rebased=0, rebased_from='', R_voided=0.0, outcome='voided', R=-0.61, ret_horizon=-0.0889, mfe=0.0868, mae=-0.1022, bars_held=3, R_struct=nan, outcome_struct='', bars_held_struct=nan, entry_idx=552, sweep_idx=537, flag_end_idx=-1, pole_idx=-1), Setup(symbol='BOROSCI.NS', pole_date='2026-05-20', pole_low=111.3, pole_high=158.0, pole_high_date='2026-06-03', pole_gain=0.4196, flag_bars=45, flag_end_date='2026-08-05', rail=144.0, rail_slope_pct=0.028, sweep_date='2026-09-16', sweep_low=115.54, sweep_below_pct=-19.76, entry_date='2026-09-01', entry=127.65, stop=113.54, target=158.0, risk_pct=11.05, reward_R=2.15, atr=4.0, status='DONE', bars_since_entry=nan, vol_x20=0.94, sweep_bars=31, sweep_red=23, sweep_red_frac=0.74, sweep_vol_x20=2.34, sweep_vol_vs_drift=7.93, sweep_close_pos=0.4, sweep_leg_pct=-4.2, turnover_cr=0.97, entry_gt_prior_high=False, entry_gt_flush_high=False, entry_vs_rail_pct=nan, rebased=0, rebased_from='', R_voided=0.0, outcome='voided', R=-0.54, ret_horizon=-0.0931, mfe=0.0819, mae=-0.1063, bars_held=10, R_struct=nan, outcome_struct='', bars_held_struct=nan, entry_idx=556, sweep_idx=537, flag_end_idx=-1, pole_idx=-1)]",BOROSIL SCIENTIFIC LTD,1029.8,False,2026,False
BLS.NS,2026-03-24,218.9,305.75,2026-04-08,0.3968,25,2026-05-14,265.1,-0.185,2026-09-16,221.34,-16.51,2026-09-21,232.54,218.35,305.75,6.1,5.16,5.99,DONE,,0.76,90,58,0.64,29.02,155.26,0.51,-10.98,20.67,True,True,-12.28,3,"2026-05-18,2026-07-10,2026-07-24",-1.35,open,-0.6088799227283734,-0.0372,0.0063,-0.0498,3,,open,3,2540,2448,2448,2415,first_bullish,223.89999389648438,-0.037154924329214856,"[Setup(symbol='BLS.NS', pole_date='2026-03-24', pole_low=218.9, pole_high=305.75, pole_high_date='2026-04-08', pole_gain=0.3968, flag_bars=25, flag_end_date='2026-05-14', rail=265.1, rail_slope_pct=-0.185, sweep_date='2026-09-16', sweep_low=221.34, sweep_below_pct=-16.51, entry_date='2026-05-18', entry=254.7, stop=226.99, target=305.75, risk_pct=10.88, reward_R=1.84, atr=9.51, status='DONE', bars_since_entry=nan, vol_x20=1.28, sweep_bars=90, sweep_red=58, sweep_red_frac=0.64, sweep_vol_x20=29.02, sweep_vol_vs_drift=155.26, sweep_close_pos=0.51, sweep_leg_pct=-10.98, turnover_cr=20.67, entry_gt_prior_high=False, entry_gt_flush_high=False, entry_vs_rail_pct=nan, rebased=0, rebased_from='', R_voided=0.0, outcome='voided', R=-0.43, ret_horizon=0.0022, mfe=0.1266, mae=-0.1105, bars_held=37, R_struct=nan, outcome_struct='', bars_held_struct=nan, entry_idx=2450, sweep_idx=2448, flag_end_idx=-1, pole_idx=-1), Setup(symbol='BLS.NS', pole_date='2026-03-24', pole_low=218.9, pole_high=305.75, pole_high_date='2026-04-08', pole_gain=0.3968, flag_bars=25, flag_end_date='2026-05-14', rail=265.1, rail_slope_pct=-0.185, sweep_date='2026-09-16', sweep_low=221.34, sweep_below_pct=-16.51, entry_date='2026-07-10', entry=237.15, stop=223.15, target=305.75, risk_pct=5.9, reward_R=4.9, atr=6.8, status='DONE', bars_since_entry=nan, vol_x20=1.26, sweep_bars=90, sweep_red=58, sweep_red_frac=0.64, sweep_vol_x20=29.02, sweep_vol_vs_drift=155.26, sweep_close_pos=0.51, sweep_leg_pct=-10.98, turnover_cr=20.67, entry_gt_prior_high=False, entry_gt_flush_high=False, entry_vs_rail_pct=nan, rebased=0, rebased_from='', R_voided=0.0, outcome='voided', R=-0.47, ret_horizon=0.144, mfe=0.1921, mae=-0.0683, bars_held=8, R_struct=nan, outcome_struct='', bars_held_struct=nan, entry_idx=2489, sweep_idx=2448, flag_end_idx=-1, pole_idx=-1), Setup(symbol='BLS.NS', pole_date='2026-03-24', pole_low=218.9, pole_high=305.75, pole_high_date='2026-04-08', pole_gain=0.3968, flag_bars=25, flag_end_date='2026-05-14', rail=265.1, rail_slope_pct=-0.185, sweep_date='2026-09-16', sweep_low=221.34, sweep_below_pct=-16.51, entry_date='2026-07-24', entry=233.6, stop=217.89, target=305.75, risk_pct=6.73, reward_R=4.59, atr=6.89, status='DONE', bars_since_entry=nan, vol_x20=0.55, sweep_bars=90, sweep_red=58, sweep_red_frac=0.64, sweep_vol_x20=29.02, sweep_vol_vs_drift=155.26, sweep_close_pos=0.51, sweep_leg_pct=-10.98, turnover_cr=20.67, entry_gt_prior_high=False, entry_gt_flush_high=False, entry_vs_rail_pct=nan, rebased=0, rebased_from='', R_voided=0.0, outcome='voided', R=-0.45, ret_horizon=0.0222, mfe=0.2102, mae=-0.0541, bars_held=40, R_struct=nan, outcome_struct='', bars_held_struct=nan, entry_idx=2499, sweep_idx=2448, flag_end_idx=-1, pole_idx=-1)]",BLS INTL SERVS LTD,9214.0,False,2026,False
RUBICON.NS,2026-08-17,1461.6,1899.0,2026-08-28,0.2993,17,2026-09-22,1712.1,-0.145,2026-09-23,1632.2,-4.67,2026-09-23,1674.8,1598.84,1899.0,4.54,2.95,66.71,DONE,1.0,2.21,2,1,0.5,2.21,4.13,0.85,-3.54,44.24,False,False,-2.18,0,,0.0,open,0.017113949261947668,,,,1,,open,1,233,232,232,206,first_bullish,1676.0999755859375,0.0007761975077247296,,RUBICON RESEARCH LIMITED,27744.8,False,2026,False
LAMBODHARA.NS,2026-08-24,105.5,147.19,2026-08-27,0.3952,13,2026-09-16,127.37,-0.492,2026-09-22,115.57,-9.26,2026-09-23,119.93,112.21,147.19,6.44,3.53,6.72,DONE,,0.12,5,4,0.8,1.14,6.28,0.08,-9.64,0.51,False,False,-5.84,1,2026-09-18,-0.51,open,2.5297936157859,0.1628,0.1799,-0.0043,1,,open,1,2651,2646,2646,2630,first_bullish,139.4600067138672,0.16284504889408136,"[Setup(symbol='LAMBODHARA.NS', pole_date='2026-08-24', pole_low=105.5, pole_high=147.19, pole_high_date='2026-08-27', pole_gain=0.3952, flag_bars=13, flag_end_date='2026-09-16', rail=127.37, rail_slope_pct=-0.492, sweep_date='2026-09-22', sweep_low=115.57, sweep_below_pct=-9.26, entry_date='2026-09-18', entry=120.21, stop=112.03, target=147.19, risk_pct=6.8, reward_R=3.3, atr=7.07, status='DONE', bars_since_entry=nan, vol_x20=0.07, sweep_bars=5, sweep_red=4, sweep_red_frac=0.8, sweep_vol_x20=1.14, sweep_vol_vs_drift=6.28, sweep_close_pos=0.08, sweep_leg_pct=-9.64, turnover_cr=0.51, entry_gt_prior_high=False, entry_gt_flush_high=False, entry_vs_rail_pct=nan, rebased=0, rebased_from='', R_voided=0.0, outcome='voided', R=-0.51, ret_horizon=0.1601, mfe=0.1771, mae=-0.0386, bars_held=2, R_struct=nan, outcome_struct='', bars_held_struct=nan, entry_idx=2648, sweep_idx=2646, flag_end_idx=-1, pole_idx=-1)]",LAMBODHARA TEXTILES LTD.,144.7,True,2026,False
LAMBODHARA.NS,2026-08-24,105.5,147.19,2026-08-27,0.3952,13,2026-09-16,127.37,-0.492,2026-09-22,115.57,-9.26,2026-09-24,139.46,111.65,147.19,19.94,0.28,7.84,DONE,0.0,9.53,5,4,0.8,1.14,6.28,0.08,-9.64,0.51,True,True,9.49,0,,0.0,open,2.4141917222372963e-07,,,,0,,open,0,2652,2646,2646,2630,rail_reclaim,139.4600067138672,4.8141884256835965e-08,,LAMBODHARA TEXTILES LTD.,144.7,True,2026,False
